x,y,label
-0.5676046476938178,1.0209266738580565,0
1.0279737354395913,0.06845858013942138,0
-0.8332553040233153,0.5252819448401594,0
0.506216660277667,-0.5481382566515984,1
1.3781216388910178,-0.1467218054531439,1
2.006115470827597,0.22372480323875882,1
0.05844754667714989,0.7264281999329183,0
1.6128570534755562,-0.3524501690995841,1
0.17330628929091965,0.39940433288705723,1
1.6703186227373692,-0.4190793304873287,1
1.1980729565858848,-0.5602128183080948,1
-0.9771020182356921,0.6137425002308204,0
0.8134663448810415,-0.506487216617948,1
-0.6306575590940193,0.8463440451879398,0
0.8898113448198619,0.148788079069514,0
-0.7936488199314422,0.7241988822493841,0
-0.9324493545114395,0.11433828459575042,0
1.0912723864542622,0.28571984659302263,0
0.5411239807199701,0.7896816881662558,0
0.771158012515058,0.4346342081659611,0
0.9321768760254622,-0.30294354703140725,1
1.599170542973919,-0.5280709306636047,1
-0.4062223199408049,0.8748945021537211,0
1.3608001890195172,-0.08731764497305898,1
2.0676156311743012,0.20796062282059571,1
1.1600103997475464,0.11952582750441365,0
1.4353861222630826,-0.3477188404347711,1
-0.9282489186005752,0.005567047667276073,0
-0.18468877796422983,0.2041937747159259,1
0.5590555224800255,-0.37500156937101986,1
-0.8932155937014509,0.4286323902809459,0
0.24394810441189524,0.09315834727975389,1
0.3189077743636015,-0.4556314031618742,1
0.05999560653840422,0.4296303337577121,1
1.920635270164687,-0.34769284219942687,1
-0.9110530640425415,-0.01942419151755513,0
-0.5476730799318064,1.0198753606185846,0
1.3084629847484137,-0.4295932210994216,1
0.7135700926619296,0.7482783329128567,0
0.673814819723588,0.9242189205202791,0
2.136513636660271,0.18603302999484023,1
0.5158575593183644,-0.20390875254953306,1
0.4657203997919931,-0.10554281273802263,1
-0.021761502893034343,0.6600189736303952,1
2.064300916943394,0.6274868942830258,1
0.36976873622964523,0.6034147088426782,0
0.491283676541827,0.7224963929959529,0
1.656576882862277,-0.5623720109243339,1
-0.7030016794863705,0.895511779801711,0
0.27617899066707663,1.0639065703372645,0
1.3761885743406181,-0.5467760344453736,1
0.9333955048095889,0.7140543625035122,0
1.665769319405638,-0.05553233769580988,1
1.8706779655327919,-0.14284809721485353,1
0.20931733284016746,0.0008264632974287478,1
-0.6347867930601018,0.36869118438990456,0
-0.7118262300689285,0.8960313964984877,0
1.925398656919438,-0.08514207683662085,1
1.1757751540042587,-0.5188423634755666,1
0.8599839884592045,0.40770785101694157,0
-0.30851083515425204,0.9812041223552329,0
-0.18765512636374418,0.914816483956693,0
2.1231731007414467,0.8407361978665726,1
2.021382001064242,0.38849854138207573,1
0.20834372282934205,-0.43531174734989164,1
-0.5688917426866843,0.9039494505200059,0
1.0571069698740188,0.41811113550666695,0
0.05344705154284106,0.15880660658591517,1
0.2772887028058341,-0.7206008095546492,1
0.7972199038183128,-0.4744087887458119,1
1.0958448482879042,-0.5630438777324862,1
1.488833859002984,-0.43160766351810415,1
0.6836761205195605,0.33452942466402374,0
-0.8194138034808317,0.461903520503395,0
0.2940058468410732,0.23495996080396875,1
0.8245815991172022,0.7658546896491629,0
1.5774302593090528,-0.3011893489194527,1
-0.758097552545177,0.9737114272100929,0
0.33124538344027743,-0.13392108358020482,1
0.18068585746983096,0.9185846355633782,0
2.1810862346958984,-0.03953242696787193,1
1.8036952394734653,-0.2302855174777253,1
0.5778633098866598,0.9047271488264796,0
2.0883695015099226,-0.05093707987730481,1
0.9195201405159819,-0.5026496092902556,1
1.416701695823222,-0.5022278624328922,1
1.1163846482386268,-0.5322989357401909,1
2.1276953285426323,0.26015170523664743,1
0.6252488884206073,0.8872708084785338,0
0.8514065390327303,-0.4197410578460045,1
1.9490017457384679,0.24502652247650147,1
1.07337909930029,-0.5061660704489173,1
0.09659983960508571,0.06612511442387878,1
2.023980025400913,0.6119219614363592,1
0.25914064576403767,1.1607208398212538,0
0.9725299254315296,1.1300787545662616,0
-0.2836765034609303,0.4235662950691403,1
1.4604979077120557,-0.28222067759390523,1
1.271670402946953,-0.37271881852857824,1
1.1980063276313437,-0.34197132794296203,1
0.9236854339222965,-0.47342230157880266,1
0.9175575531873511,0.07286916720532208,0
1.9492876148606852,0.39850066914060156,1
-0.8445827050274425,0.874275510189024,0
-0.1339693029555126,0.17019178748324568,1
-0.6399965944809727,0.9870777667816341,0
1.7548285570932822,0.32399245224709505,1
1.800747914164482,-0.20742503578749097,1
1.004857376646659,0.7831963010436762,0
-0.9748928970342591,0.3170572755233653,0
1.167648375542965,-0.4132627490977005,1
2.0011939252707314,-0.03814964960158419,1
0.8413884115857908,-0.3331625002247156,1
-0.10298437063077893,1.0760485599390714,0
0.7455411113859589,0.6949626208351882,0
0.5592816350325378,0.5256143679888586,0
1.9851181918523977,0.5238112225111002,1
0.3109530277070044,-0.001327917118241484,1
1.9920912558703041,-0.16667626651783782,1
-0.5211616406502546,0.8859850819582062,0
1.63969262701203,-0.32920288462300396,1
0.7110823736679979,-0.02712621005400284,1
0.2255543331907294,-0.10905460760911329,1
0.47302774562095995,0.26628670617228756,1
0.15947743333126657,0.1877970959932722,1
2.0852590220597316,-0.10802845535705029,1
0.4117397711031012,0.5577474656554426,0
0.6102945505293305,0.7239644684909246,0
0.5478039026004915,-0.4129770719473379,1
-0.0600391315158748,0.24915393047903958,1
0.1956974232192399,1.0326353538258528,0
-0.4850368123239837,0.8806966256567725,0
-0.20089071645171674,0.9538448763900341,0
0.5217152292758723,0.4655381646479175,0
-0.7879271692795072,0.6010304316599984,0
1.6278987654567114,-0.3232904878239728,1
0.6002266620325968,-0.3613247215280662,1
-0.14567780047719348,1.1933350389297632,0
1.022274179381568,0.5974823759995185,0
-1.0962974078665682,0.5777027924044171,0
0.8030307931334489,-0.3797478268814057,1
-0.83870051299471,0.4136470922622042,0
-1.026264696940669,0.4202270581465931,0
0.09731768878921396,0.15246499997519364,1
-1.0976385611206527,0.276017219168359,0
-0.030658260788158254,0.520976368701374,0
1.8361450289567187,-0.17338527068087167,1
1.0106483684005607,0.16922113079411616,0
0.2525081605470042,1.056622353325582,0
-0.3111241754942837,0.7231822173037997,0
1.0662143365641197,-0.8080587220989943,1
1.1981099826696728,-0.5761945291950981,1
0.7246484946193016,0.49542091105535185,0
0.9752012932959934,0.2339174253433225,0
0.9361729387963541,0.3129902823082992,0
0.6539211170498538,0.6746225285636,0
0.7503782651003988,0.709097160839107,0
1.5248395256670073,-0.19511173662397072,1
0.028413888954764942,0.45493457383119196,1
0.021585336888511594,0.24231829271265717,1
0.2781316252714383,-0.011220565673236458,1
1.269231959820433,-0.2951953833363903,1
-0.03708287619998693,0.07873056409583908,1
-0.7024156996621427,0.5947674667433994,0
1.8014961033120864,-0.18192633832089866,1
0.3158590530410112,0.32452788361833607,1
0.0043894067699787355,1.1148371995465594,0
0.8440729296728393,0.30301722093372335,0
0.8926241860206331,0.7804046990098173,0
0.5948645387594476,0.9728616369717159,0
-0.0821013560539587,0.5506651708650747,1
0.3501041192456059,-0.15058523755949213,1
0.39014605550029413,0.7199552553477149,0
1.004380310251285,0.07085918614482517,0
-0.6720755882706038,0.8490798983144092,0
-0.6285156820046522,0.12790940834529052,0
-0.030449609419498563,0.9389160148726666,0
1.7632589889861594,-0.07401304936007178,1
0.9574380114247031,0.298980945415085,0
1.953874343481601,0.0873271689364543,1
0.4986124429112247,-0.29488715657773834,1
1.0136753412263204,0.4391529324894771,0
0.3806161746713681,-0.15109087541216243,1
-0.3142908015638022,0.9172798276886295,0
-1.0574767158871887,0.3715118979212518,0
2.2208579912567434,0.6143575866202736,1
-0.5432408513363998,1.1992416200572937,0
0.9660642405334012,0.4787708063530256,0
0.09056011802297967,-0.1351057626877038,1
1.1359661466721818,0.4611063684900859,0
-0.43186761272097385,1.0495996290366612,0
1.932868219132014,0.34341373776560513,1
0.48519562783402065,-0.13981007501132056,1
0.6641399811116662,0.8999798047223148,0
1.7806743144249273,-0.24941638182635392,1
0.25973683274656534,-0.2674822651667659,1
0.17673212120147935,-0.205428512811015,1
1.3421160555378788,-0.2413107561656704,1
-0.9764872536115967,0.7124729685861247,0
-0.13161578135076782,0.137445910087867,1
1.6389333599203928,-0.34976493365861544,1
2.077837317575071,0.14698575691061816,1
0.3891094447759177,1.105668016553907,0
-0.548023615924029,0.8219050730026034,0
1.8940964892500745,0.5225660398392089,1
1.2779707578101323,-0.3566741635862332,1
-1.1042803348363845,0.5291207273823346,0
0.5128052569241431,1.055035421653633,0
0.4328790929919495,1.1516333750499488,0
-0.03902577353526749,1.4509597255402165,0
1.309428712982482,-0.3185227028697014,1
1.3722787591237873,-0.3216942642529791,1
1.047946342889722,0.238528420196308,0
-0.599668146996577,0.9760385579053501,0
1.3186335955730644,-0.08079823749570716,0
1.765106936140569,-0.18400934526415652,1
-0.20239888429250455,0.2091974738492099,1
0.5843410150367025,0.8171921683599224,0
1.7796791118008313,0.37162731445933705,1
0.8117845419416589,0.7744514472898301,0
0.8999697782783461,0.32090072510604184,0
0.9763789446968553,0.12057582876753861,0
0.2946308450390089,1.274280516670041,0
0.24620461447386102,0.37333322611918496,1
0.2400257883443522,0.15092962250596859,1
1.9011064351133575,0.2660869548208575,1
0.22418846474100193,0.9988375977398454,0
0.15797830658685785,-0.08554973143678216,1
-0.8881406383052249,0.592202640934073,0
1.5548274486415508,0.13462738176673789,1
0.9936624647281203,-0.10832595193667129,0
0.48014851552284077,0.8130213615842375,0
-0.5517487101156869,1.0154569445663388,0
0.2745587390233585,-0.5242194262521434,1
1.452109918141505,-0.33155928675067065,1
0.1666590035824256,0.8754679313227716,0
0.39962149575616834,1.020623861228911,0
1.258875616443229,-0.4494270886350094,1
0.046703517841352,0.9181718572334197,0
-0.0028256683062778953,-0.11850228566124144,1
2.0562155336768453,0.396860292511405,1
0.3216952884741898,-0.5351289998444744,1
1.4982223813078972,-0.2562422919062649,1
-0.3314558200167882,0.7280828042274246,0
0.7205337497374218,0.6899666715739491,0
-0.47063326410773104,0.8589153257672775,0
0.8870999853805493,0.35726449530408355,0
0.21307201754617172,0.1255659181797203,1
0.9315909956363597,0.571227570805963,0
-0.2199034620245368,0.8980020025656252,0
1.7651557096492283,-0.3471044529760177,1
-0.2066140018817679,1.0315685012016191,0
0.15465178571872779,0.21263830669800984,1
0.8773331301862981,-0.38969743023308734,1
1.329906528283285,-0.5536921572645639,1
-0.7675824879025333,0.6101464781584918,0
1.6272871000045905,-0.3394016875754117,1
1.1546662062434836,-0.292368530724876,1
0.7012187937570505,0.654007296555801,0
-1.0716792029966515,0.018827125027192096,0
1.7925948379759862,0.22280361247974317,1
1.2191382907961072,-0.5358235651156003,1
-0.14500542294833413,1.0127569335090165,0
-0.9507416795291311,0.11691548878268486,0
0.7791554754423431,0.14493057351461958,0
-0.026915780449885546,-0.5994527857870798,1
1.6616268978968998,-0.7082279984150668,1
0.4743888054972902,-0.4444971375035501,1
0.8638443682082633,-0.4836464351820598,1
-1.1761096637430026,0.3553106962603998,0
-0.6898673489072901,0.7542540749809686,0
0.4474768199412848,-0.0462776475118013,1
1.6019759915341056,-0.3990504678582925,1
0.02262902148737803,0.24721304248216985,1
-0.6857707976981818,0.48059793645606386,0
0.804010458397098,0.7535323746558646,0
-1.1120464925043023,0.2327012889052135,0
1.8492660556460985,-0.11196499485254385,1
1.0512390013605082,-0.004713116762952885,0
0.25128533418898413,0.3894871137678463,1
-0.037780929702220585,1.0084805614776868,0
-0.9480498352924932,0.7485230231966135,0
0.7646607441890512,-0.36251453993206556,1
0.5720648403587965,1.1714806188503186,0
0.277870514366269,1.017531961473992,0
-0.16750935851889323,0.8900579708722411,0
0.579381309754344,0.5773897898708492,0
0.21613389641623243,0.9423894480326536,0
-0.044976275133330426,0.9714739700202641,0
0.4809100416076993,-0.28865365566486867,1
1.924392326325376,0.33817932884579593,1
0.03642443977673236,1.1889228667111804,0
0.6607283860534179,-0.24140373427930106,1
2.3698295124163042,0.569502289448182,1
0.981703958865288,-0.4148225248533934,1
0.3424040560306241,0.9300341572624933,0
0.7187838911113054,0.5731688922105947,0
-0.433878402593837,0.9904607719578554,0
1.2656405639593884,0.14195285842906857,0
0.6489415088450845,-0.4221376392093727,1
1.529047903633681,-0.5161404167308172,1
0.20930337172749391,1.1653534721755967,0
0.9579690629015234,-0.12357049835167025,0
1.8825616213176755,-0.024526236475107793,1
-0.1665673799960164,1.0416843407261327,0
0.7721284193246445,0.8764770767225288,0
0.5048399311120666,0.6053128275712647,0
-0.7022281922688158,0.0347299285865446,0
1.2797677124370919,-0.2469589520683662,1
1.8070217314429962,-0.23019751111749956,1
0.862379491661967,0.45020117207310684,0
1.7435687197662295,-0.12192515510366458,1
0.6017210520560794,0.7981490724968424,0
1.0521427804832566,-0.12663461935806308,0
1.296941161764439,-0.4940311399286423,1
1.9652478806451419,-0.32623001249022865,1
0.7692775067637451,0.44726915339583706,0
-0.5942667993727403,0.7034773229430626,0
0.6327456914906223,-0.6255021027680568,1
0.058881620790918035,0.07154882540529135,1
-0.5124976461426309,0.8747415734045987,0
0.5194443704785224,-0.15740411803403867,1
0.7326989668942645,0.5797579181354997,0
-0.13350882603012457,0.9761277232822587,0
0.7286227283600661,0.45977975839834845,0
1.624525003255161,-0.0324975666766501,1
2.091289700069677,0.1643430764083943,1
0.8522367018714266,0.2922803540699531,0
0.5452387774062094,1.0318364057104665,0
-0.6933745157764477,0.9400455607543183,0
-0.02342929408967223,0.8204374658229757,0
0.11093931444887041,0.2693095003844783,1
1.7207986028386002,0.18483431670763623,1
0.21935817188515147,-0.529563505954217,1
0.48502863770196236,-0.33935522972159127,1
-0.02742693633780982,-0.20280526772710528,1
-0.9855389305442814,0.1995089745804126,0
0.7279558093557699,-0.6455673402122903,1
0.5890736892793499,-0.19670153146134162,1
0.2278537868656027,-0.20129037319897444,1
-0.038755107761523175,0.10141583079215022,1
0.15381655785121146,0.7119839220265266,1
0.41369568707164445,-0.3100141593219082,1
-0.06295925663139586,1.089395914122025,0
0.8379581625177129,-0.4118762568666993,1
0.27533187323023545,-0.4489041773542131,1
1.3088436830738048,-0.3096774444902131,1
1.9948757954698608,-0.10694188001670075,1
1.9687429046835105,-0.2880402161149752,1
0.5739259626848742,-0.39396095329880876,1
1.743200709765933,-0.2309370051667115,1
0.9848598902161397,0.2027552400589266,0
0.7921750499635941,-0.5054808738431839,1
0.9597299759270909,0.25053880834838793,0
-0.383099679400706,0.8605392284267842,0
1.252237247661829,-0.13244239923040713,1
2.2039035159489666,0.40152025044143264,1
1.277279058954395,-0.8045626071927492,1
2.019383819626447,-0.028915067925692678,1
0.2818706467091765,0.8394300127285681,0
1.405551233341561,-0.0939094804003589,1
0.5336618863880573,1.0902027474463973,0
0.5795218713726844,0.875950909624085,0
1.9380789206489442,0.4373537444806155,1
-0.4276574444314517,1.0710804019724776,0
-0.09768796280083722,0.4385204513398912,1
2.060508358754255,-0.005423158029733449,1
0.3343899969841163,-0.019157772750989566,1
-0.10151289972833419,0.8816190112060872,0
0.8037568893308746,-0.43757510422082607,1
0.831507633572665,-0.28126505752362807,1
0.6589880322352892,0.5763537431217198,0
1.4887562414424544,-0.45487105603099576,1
1.100261440149073,-0.5329682176450772,1
-0.9317845662897757,0.3701233261012371,0
1.048911397405703,0.2532393026378728,0
-0.40364801439924447,0.7510379010471862,0
0.27236542831073585,-0.5603783926314839,1
-0.707658461264695,0.8299310651393742,0
1.9973303333811019,-0.049574048054158604,1
0.505162476369668,-0.2887493507000656,1
-0.6097840811875759,0.9440027248253923,0
0.9792201276499554,-0.3574721945036059,1
0.25779892339203625,-0.10658490108652055,1
-0.8320100012692274,-0.048582547301736,0
1.289404422595735,-0.5260658066852797,1
-0.395051232688906,1.1886871863339237,0
1.7680014574661376,0.1325146232762602,1
1.0534199095489458,-0.524099364784116,1
0.926208699359832,-0.7458061291739896,1
1.8089380365084498,0.0192170330450236,1
0.09832735573541447,0.29841240091876053,1
0.32304352294762406,-0.28308768833482534,1
0.6963139393258337,0.6710524613236719,0
1.0262242772790187,-0.43278068966921834,1
0.5532500243832764,0.6976341709172326,0
0.17583480494500708,1.004553769644109,0
0.3629864342349223,1.0374038270203967,0
-0.545182463105579,0.777744859507711,0
0.8653861421252855,0.7889156233203352,0
1.2366674761806566,-0.3277268721736122,1
0.7173867282014419,0.72986733470423,0
0.3623262882438585,-0.03846462793595516,1
-0.8223768496615774,0.4608625741294421,0
0.6558094560656651,0.5496474110409274,0
0.04042086887519378,0.38248750088057537,1
0.023623448316963266,0.16407639242670333,1
-0.7090026074591615,0.8777027561672214,0
0.8246422959065781,-0.5845467181614535,1
0.20641622898712114,0.9880180263419732,0
0.9777656651451556,0.11215503499409964,0
1.6142882743491018,0.07207855244338339,1
2.0349127899096344,0.02177982853736804,1
-0.3672704748887896,1.023722075346879,0
0.37593335331142563,-0.373893993617991,1
0.7389994565537817,-0.45306250924095437,1
-0.049568989239504396,0.042027250436552546,1
-0.025940731499264374,0.0029333156282669998,1
1.172058016407102,0.28198580276929386,0
0.7976450706634827,0.5360948179073197,0
-0.25044397311675054,1.0919940806143889,0
-0.5942920619906479,0.5322977827583882,0
-0.06562364292473158,0.07215255008968724,1
-0.1440125317170115,1.1530437278117711,0
-0.2000965686440419,0.8637372308899178,0
1.0888539379951288,0.5153030414875486,0
-0.21699273082042958,0.16763922755745705,1
0.8427060449810035,0.32386090923553756,0
0.33393088883220273,0.9704671933383208,0
-0.484233986871379,0.9705916818475318,0
0.12139001531514218,0.08072737904619398,1
-0.8810956038326827,0.7187556709349573,0
1.0343076859615765,0.43217594134017545,0
0.2873390438743448,-0.31071723960085246,1
0.18142288407770712,0.7155827846783333,0
0.4032411090565868,-0.3999493893143123,1
-0.04589338567085027,1.0257658744833655,0
-0.8920127925902724,0.30246383765942175,0
-0.760013398109905,0.6245530312500016,0
-0.6811166261605626,0.7467869756594242,0
0.23812782725050097,1.0884979754632211,0
-0.5822789941935897,0.36831655057196333,0
0.5575071973914905,-0.2677375477713917,1
-0.700342200247508,0.6166370211816462,0
-0.1933067761426038,0.330727893459788,1
0.7629235985853465,0.013216872527649338,0
-0.8218562249075441,0.7813377170699685,0
0.25428481975847694,0.07754169136112282,1
1.9206972547055838,0.5086322323779632,1
0.7186776696100234,-0.851457979194459,1
0.24047958425940358,0.7698746708904627,0
-0.02944556660567671,0.9522513503784726,0
1.3242249788017704,-0.3278181426263136,1
0.1553717949697077,0.27490210165128853,1
2.0531696658711227,0.40061518156890064,1
-1.3659616754516173,0.021185353541160714,0
0.8249092648045773,0.09917725873966023,0
0.9809034062253826,0.8649951426461029,0
-0.020894718971333923,0.3089568303506345,1
-0.596455794461898,1.0156515690327672,0
0.06415326884014315,0.3034121815273392,1
1.5866863835473584,-0.4788570467675812,1
1.4470460182091118,-0.17818830784480238,1
0.2534897769308324,1.0277071878551483,0
0.5239346740732872,-0.26050515352627834,1
0.4244724254248124,1.1856256281542132,0
0.21485436222433893,0.9688537804881376,0
0.7681456163015631,0.7754731631376459,0
-1.069451392668758,0.27526204570837676,0
1.3816771043336602,-0.36320517303680383,1
1.0380993649015688,0.03548861840656459,0
-0.8290007152545433,0.1527340967696842,0
0.8452963304573246,0.7245074938824532,0
-0.9062324986926432,0.19829366224272438,0
0.2675359040560618,-0.2912084929994724,1
-0.39968903231838093,0.783822538217319,0
0.04313153319546584,0.015810213731763723,1
-0.9853948864528513,0.5574474545956396,0
0.06724630006069629,0.8326215184678754,0
0.612818395430844,0.9107431964099191,0
0.006852542205150046,-0.03313143297176488,1
2.2476839494022984,0.19264996802689818,1
2.0362852874835964,-0.22489860926404717,1
-0.6690217682171339,0.6446035057001582,0
0.9156073344468099,0.12834931754456957,0
1.5625491002162661,-0.21673394355912923,1
1.0310126586130732,0.5803009782700823,0
1.8280036493763405,-0.11230127872805731,1
0.7876445108559581,0.3836479420671276,0
-0.007385497417158354,0.3560282327427463,1
0.2899986004592795,-0.2780332304957157,1
0.09888164604297706,0.0919898918851404,1
0.23205085843441717,0.2118048237995711,1
0.17847807566261487,0.8133475977005942,0
-0.41312452376370584,0.83976920200068,0
0.9589580353799891,-0.7020825993671079,1
-1.0211572629051655,0.32487401033155716,0
-0.18115431596566522,0.13819731917740502,1
-0.7849691687987093,0.3970236565081489,0
0.22282400623930498,0.9128538058660466,0
0.04835639496319459,0.23167242479001476,1
0.9362136978036132,0.8333359613549138,0
0.7143354639921714,0.6378822325085398,0
0.3733931669835745,-0.10402723731455393,1
-0.44024200734004065,0.7991396110581118,0
0.6388147580270509,0.6997724716344527,0
1.5388446362065573,-0.18431817298322128,1
0.4735773652632621,-0.4174358838020025,1
1.212218306387034,0.43321568385166215,0
1.090498499102135,-0.3375302368931547,1
-0.5979199773208845,0.7392843409924007,0
1.8936587039393067,0.3106412653709413,1
0.844255153436467,0.5893275581477129,0
0.8142787439375023,0.7409861727378393,0
-0.8241862498531712,0.9879375915293941,0
-0.4299447642170114,0.9722890423070408,0
-0.2266383453590201,0.8391419963621756,0
0.8926331475303804,-0.5195336963774191,1
0.5106904161188559,1.0567904624715896,0
-0.883024228415398,0.7722486959497724,0
0.1892346120096787,0.027601710402446356,1
1.4078905538749897,-0.2053880192564968,1
1.2438671805281527,-0.560282894793053,1
1.0416733125403745,-0.7568721243984012,1
1.7340651789242763,-0.3583640470782455,1
2.0492454383840535,0.4262223277269039,1
0.04119357170619035,0.6320432748613019,0
-0.6001198381698777,0.903886077122239,0
-1.1604175611510996,-0.06647751816720014,0
1.077571295762984,0.4463288855071562,0
-0.6827035706987188,0.10756091098541079,0
0.5888018750754258,-0.07154453381049275,1
-0.7165757429845404,0.41873180401385496,0
0.8187145673433006,0.12471469185923634,0
1.5433356610694466,-0.5500582504141824,1
0.03027280181246269,1.039274612058575,0
-1.0086942296466563,0.7360706678957608,0
1.224878963829046,-0.21332388016495063,1
1.9270417764708208,0.5771513210687466,1
-0.7392052112510582,0.2533932103931747,0
-0.979911792323718,0.31855638201396635,0
-0.18827509849975899,0.722450906103108,0
0.6709079587635429,0.719651288736041,0
2.153193802193766,0.07446178998281569,1
1.1353245689766787,0.2437867367132649,0
-0.5030843620682418,0.9199691963571586,0
1.8947974214255627,0.5498503168309165,1
-0.5741566054276274,0.28249224630370484,0
0.2609129583229973,0.989705683803435,0
-0.8431646301970679,0.6192187940901708,0
0.878322180255716,0.38012419001195386,0
0.7353731475976882,-0.2820318970684792,1
1.2533732427908015,-0.6189213044540784,1
0.26408397378996507,0.5091899778230498,1
0.7664367897903851,-0.2346403260371936,1
-0.4205729346876442,0.7258756683168982,0
0.69269037195165,0.590605157883773,0
0.11007438206049641,-0.13315401123003737,1
0.8399299686069128,0.7953228816697844,0
-0.6713670024851808,0.7372702981904977,0
0.051900122661729546,0.30760962193042846,1
-1.154435159250816,0.35896320370855733,0
0.21240381922946475,-0.12986549129646152,1
0.24533187891379263,-0.19548840715003415,1
0.6614069053822309,0.4755178055305173,0
1.5725587477891778,0.02266049483444499,1
1.1426767420046926,-0.8129490311789861,1
1.9021494828099235,0.14794751656946228,1
1.0501729839546916,0.5382167123809154,0
1.1165714555250992,-0.32558399669390636,1
-0.9859053183677614,0.31980261068943394,0
-0.6104768884547195,0.6178484030734135,0
-0.8495507152510577,0.4655563670652416,0
0.8543408034315756,-0.6929291846984044,1
-0.9153951796708706,0.4241776556764465,0
1.9284091258104041,0.23220678783881937,1
0.34168113317535975,0.11312416095820726,1
1.9675875914160466,0.23419907125958103,1
0.05453181280053819,0.10448870630874692,1
-0.797246086323953,0.7060838958363269,0
0.6291118049494907,-0.12493599648026868,1
0.07606660217476557,1.2163060141972346,0
1.9186407263293535,0.48722419724046695,1
1.0332438314179089,0.7123299674933264,0
0.22234215542779556,1.0119928834746574,0
0.7360258779775894,-0.28120186095990896,1
0.5359344919865862,0.5959054602759016,0
0.08902564446521372,0.3124434740234274,1
0.042211182681041265,0.615781856288524,1
1.0099261075658803,-0.4199084642697463,1
1.852912005771009,0.07720657676323775,1
-0.6785129749839106,0.7958271497022755,0
-0.16729209079788115,1.0246714537970945,0
-0.5189981745647593,0.902407147236461,0
-0.8517580168590598,0.1000229063339806,0
1.8957541374348084,0.3273995630440533,1
0.6641453732034667,0.5891503073954786,0
0.5170838432988378,0.8059250783292115,0
0.7426975881923074,0.2059209622578015,0
-0.2060220766338859,0.9138706287865662,0
1.0762694334408254,0.1409260074237162,0
0.9029829777240812,-0.4450253765152217,1
-0.8033693837432647,0.19744651825446155,0
1.720979201632303,-0.19520355622777963,1
1.1773338801015634,-0.22067091270147599,0
1.005015479513693,-0.4003446994939022,1
0.6393850703195002,0.29440354649391026,0
0.18847479197291553,0.33215369036642456,1
0.7588272839173706,0.9351865580229317,0
0.16132074101233781,1.0513341357898274,0
0.1312524675396055,-0.23195705996906532,1
-0.3968899986174711,1.140780357896289,0
1.922955054420235,0.40479302949798035,1
-0.06492789961486356,0.9217976718282955,0
0.4032868904879557,-0.1882128181495117,1
0.2450774361924882,-0.12702767758550054,1
0.4892144797017071,0.8361505042692063,0
-0.5549037724515953,0.7220482636730107,0
-0.9314389175791978,0.4617092542385201,0
0.28361214497483483,-0.2267189880659884,1
0.11066543735232028,0.9278884596068628,0
0.05081411804320157,-0.2716133223572148,1
2.1570076754724283,0.32307405420137764,1
0.8809736881473783,-0.20075691391126205,1
1.12264585227516,-0.20253620904668437,0
0.49751710890099665,0.9090671259776398,0
-0.4775084528752711,0.7770980000007259,0
-0.7146671403875484,0.42936658281539786,0
0.8277811006235907,0.20387008526565062,0
0.8972389106595894,-0.4184247687006214,1
1.9565046581412036,-0.09513969963153639,1
-0.7782213677971948,0.31348412846841467,0
-0.05629258732356132,0.195503133194442,1
0.0005486077649970444,0.938607077572617,0
-0.6456080853280318,0.512014882124302,0
0.8001844873717,-0.5870516060125326,1
-0.483626381458414,1.0062254724907875,0
1.9792141718284153,-0.09079058718545896,1
0.5547875284123153,0.9578522763532831,0
2.0254336257424943,0.20260277534533688,1
1.772696626669115,-0.09078585554339953,1
1.806921377829605,0.16381333988269797,1
0.287081021911047,-0.03266521901495206,1
0.22491817402512185,0.8757762067889722,0
0.058669321975919474,0.3852803655084647,1
1.4221398319550291,-0.5002543776868789,1
-0.8985754046229049,0.537934982514979,0
1.8077440879531097,0.003924177632375195,1
1.0621517451268996,0.10556180058542218,0
1.8140124973760074,-0.16327963292445874,1
0.010981344483252303,0.20185460385676002,1
1.1564625871145657,-0.24750225157770855,1
0.4658410768476504,-0.3531062272070251,1
2.029935826740686,0.42668329198792254,1
0.04679930031305671,0.21461908816600056,1
-1.1955268758559008,0.5472212832342103,0
0.5350501023134706,0.7029059027026324,0
1.9849140486196704,0.349727909247301,1
1.2432429403746807,-0.166298296087489,1
-0.7009579804365422,0.8241345530784108,0
1.7622648787379496,-0.024860919846544247,1
1.7020109724048422,-0.39700300097116065,1
0.00864612988754615,1.084469104868908,0
-0.4042732427703162,1.0674988248165371,0
1.2379562603990837,-0.3310125804157318,1
-0.8056068606294102,0.5718041968200298,0
0.283956342013575,0.05317636137193352,1
1.1241899518126024,0.09634785755385897,0
0.6523721525169545,0.8144883413012753,0
0.7466798975658786,0.8186396106615301,0
0.011569893837204803,0.13816585838711476,1
-0.5519498638158429,0.5678977485770123,0
-0.8855815907682493,0.36327927977931007,0
0.1288768914068953,0.9139586348648375,0
-1.0023727313310429,0.4923991190720256,0
-0.35195685121579523,0.8780462774950725,0
-0.9139298998537023,0.4351803014466243,0
1.631144168042519,0.10410141382274937,1
0.6008397457443422,1.1053771280306446,0
2.084737172421405,0.03623006588104935,1
-0.9370645402831185,0.6046299083688228,0
0.7042170072955763,0.11501456956225936,0
1.6266920748046534,-0.38508880006513746,1
-0.06408413460090764,0.4951869609744536,1
-0.8016183319592329,0.2730267990892275,0
-0.9782763397713533,0.15146034359319377,0
-0.9688085948212521,0.0663072333791918,0
1.9401733501774503,-0.04102548365208586,1
-0.0829814263519437,0.22218791909325597,1
1.7897845781866413,-0.17769953031473998,1
1.863725205124108,0.3160653483263281,1
1.0154870409334686,0.6677177287542483,0
0.9403961850817297,0.15880121596354269,0
0.08184549183157808,-0.06012118675506112,1
0.5126575630777674,-0.37316053988901926,1
1.7799187731396848,0.11151652220618587,1
-0.46990622327170983,1.1069608094336032,0
1.571066807246459,-0.6287045732883461,1
1.1322405581822075,0.2879939856281849,0
0.33866569029721294,0.2723537483001208,1
-0.29292646630223446,0.7682494196587373,0
-0.4941129240849216,0.40600981246164614,0
1.289360094024297,-0.3449907452884565,1
-0.9682477689777481,0.3126667988655787,0
1.07774642928289,0.20542712282500963,0
0.5692752061289501,0.8716790053763406,0
2.052784464214394,-0.14196202538101707,1
1.877146962007957,0.2896480350032724,1
0.3550670554307338,-0.456218231291107,1
0.09904825943789397,1.0724862374968895,0
1.7436297073603795,-0.3640352006286761,1
-0.09121644601294208,1.1620635080587811,0
0.3888952983956123,0.5567208140518503,0
0.9592614221171619,0.554465189042825,0
0.7239420778578238,0.6959198078277059,0
-0.1617339515127676,0.8992031706750665,0
-0.8222908817576101,0.028245812891583358,0
0.6541831126119264,-0.12532811269618613,1
0.5834828136983081,0.39879578268435295,0
0.016671771343537506,0.8904777114840228,0
0.46861890983814686,0.8751306796483102,0
0.2264181156661103,-0.1984874296467437,1
1.5617721131053939,-0.24349918639235762,1
1.078423135902378,0.5605471192539258,0
-0.19754434688596886,1.03291833044273,0
0.5539643934085401,-0.26492405602456204,1
-0.3904721290607602,0.9412330074020181,0
1.5138253071703032,-0.24559637089838032,1
0.5270627272822537,0.5945687234044698,0
0.9342326321879812,0.26312802761395193,0
1.0820221033954085,-0.6151832069294484,1
1.5667721717140441,-0.6380179830227947,1
0.23631650006382682,0.982620558372392,0
2.191138024932067,0.05080752625469032,1
2.109343853309663,0.26536635613911563,1
-0.5460116558647754,1.2726127057378809,0
-0.5285289156028126,1.125616650561828,0
0.5977332274594482,1.0144976148221194,0
0.26692548232102,0.7358141503141755,0
1.5339307901270023,-0.5027267848481503,1
0.23498045275496576,-0.3058992710785118,1
1.4023485785101417,-0.2040570395782672,1
0.5105651626226987,-0.3934059259907937,1
0.820413514669759,0.9952073133402568,0
1.0120216297581381,-0.41783413869373026,1
0.9892743982817556,-0.2898498689290979,1
0.907851134103955,0.03209315049836431,0
0.19473340624337507,0.925829029313818,0
0.5687898070606867,1.0069457488928637,0
1.1263835156341637,-0.46661932775053017,1
1.851349721867294,0.12161724466556384,1
1.1673337407538509,0.35622008955185586,0
1.351693209489361,-0.6292641296312519,1
0.29226739164087223,-0.11052125444320918,1
2.2155972580584735,0.6672622196011261,1
-0.9209301096967467,0.4362405868646521,0
1.8522904844857713,0.2055584614233191,1
0.27403836834348466,0.16463932867181214,1
1.5471784472438361,-0.5147787345880617,1
0.9550776378508968,0.279013379095203,0
0.41020178330632495,-0.20240544066676924,1
-0.5946126313623264,0.8278982150498306,0
0.9754537870126516,0.3370117151011534,0
-0.5353413882422178,1.0859575931531051,0
-0.9775895642075496,-0.09093837672602118,0
0.7399548333377105,0.7505653666869494,0
0.40324614468350106,1.1032199078425673,0
1.223569402729045,0.05930820012968026,0
-0.03831638015539493,1.0732822094673637,0
0.6446433110768806,0.625845348783507,0
2.171073281156105,0.42469604511689457,1
0.45885500175069416,0.992923134463132,0
-0.8912586182340004,0.7460845222184073,0
0.6057198093769752,-0.2950282574523693,1
0.8717585276563253,-0.5959930189831567,1
1.9769010273570882,0.6653939973732299,1
0.07310306027209745,0.3387473934736937,1
0.9044629444915684,-0.34383761712240707,1
0.7248604283831954,-0.45861776666878323,1
0.22571415209871074,-0.4199953137310738,1
-0.9337942655145689,0.29973233869439325,0
-0.06056399468369261,1.1564796672955495,0
2.132394150804764,0.31217171788085374,1
1.2679947119729695,-0.24752277617050444,1
-1.0977918186794213,0.34621881067896815,0
-1.1814008231984634,0.2305763346538504,0
-0.13557800599976494,0.8618656895447333,0
1.1309860660254751,0.15434908871578365,0
-0.2864037285536656,0.5802914659266409,0
-0.17688989588727033,0.944758667360317,0
0.43288151299208405,1.0621231671144036,0
0.6337028434604087,0.836759480048024,0
0.3131154109325662,-0.4249347831971081,1
1.8542504856388942,0.0616681152781727,1
0.30490876891637964,-0.4186394065345031,1
0.2292472824143144,0.8559614548858008,0
1.228098941337826,-0.06521230614554538,0
-0.37939967855465584,0.940280579762556,0
-0.13114709678027867,0.7363376111877549,0
0.508579292761913,1.0968604905123653,0
0.750487464259995,0.7252259253002824,0
0.5704947034410357,-0.4581883504490627,1
1.8270275419315887,-0.13479956012687297,1
0.6340019533477633,-0.30256933926366986,1
1.5665083244155396,-0.4552029284742253,1
1.6641028008907681,-0.6199455849552622,1
0.5267138285899633,-0.3078351130751654,1
-0.12756976706162687,1.0509010881646668,0
-0.44896929872701147,1.4097699407233983,0
-0.8222606549160628,0.8788078739821504,0
-0.19404155482577287,0.5819422371912455,1
-0.2559456912388811,0.8509865708707529,0
1.3662972019924113,-0.6356590942844004,1
1.2207096696266218,-0.5191079855110889,1
0.42302455800126487,0.8677144369431372,0
-1.0834799720569463,0.5497287788435902,0
1.968249573506386,0.21056074731372465,1
-0.9495531694437956,0.34817187576746633,0
1.9888332921829355,0.19829440717676766,1
0.9400002453721238,-0.3411836157268623,1
1.7592252557178971,0.14075369376909286,1
1.0091748737997266,0.2770821344320981,0
0.6972857541577927,0.9354184784297774,0
-1.0957573399076757,0.4678491131964243,0
-0.45915093115374295,0.6022380805726434,0
-0.6227202935756346,0.8715879101401206,0
2.2752616328945776,0.32658661134472594,1
0.2809128933532621,-0.3953194015576719,1
0.34267609618633565,0.8577507364104677,0
0.318347680122161,-0.00680630614975071,1
0.8489971437036257,-0.544713216766429,1
0.9091532272209717,-0.5301124718082483,1
-0.7333341014049526,0.48975191248267225,0
-1.1876141512583542,0.2817965224478236,0
1.2038675583981044,0.689723129183402,0
1.439679853211275,-0.2660326831470683,1
-0.8194881686439461,0.2817134546556473,0
0.7520125092882013,-0.4486144468790104,1
0.3036063602245236,-0.046275804738777765,1
0.6060089730433723,0.8900007418788923,0
-1.320215332456962,0.3362063735059407,0
-0.19346110503318364,0.8344989311124515,0
1.1833340152413232,0.31664056421178044,0
1.841619539256481,0.3425366603167511,1
0.6114733602227727,-0.585350635829268,1
-0.4672439146382409,0.7855197255178297,0
-0.015047539016769453,0.2557866260469914,1
-0.240762106670568,0.40507865430733925,1
0.16696690583645257,1.0576667663672916,0
1.2069372951841957,-0.7824997227441446,1
-0.9342997415828388,0.8641486962940105,0
1.4695987484377668,0.06634404312427522,1
1.0380822921650186,-0.7405640900831405,1
1.0708254797920373,-0.31292512291961994,1
0.6725300382419046,-0.5540571731515574,1
0.9941913618064606,-0.4558382335207401,1
0.0880276794915648,0.4418303390770554,1
-0.9341749080089408,-0.10044045452467222,0
0.6079456066675273,-0.40679585237818244,1
0.6390966180645505,0.0381943885469834,0
2.08470820414868,0.024924353627797657,1
1.3867647525409657,-0.260061257996543,1
0.03898151113416981,1.0884706151243047,0
1.1623092475188388,-0.4351571976309293,1
0.7752660302441639,-0.08568602735228559,1
1.2154819415141844,-0.27314516816125456,1
0.02968464255198289,0.16943794374526952,1
2.0156963562189585,0.2699262081795041,1
-0.06615768403509924,1.024098043008788,0
-0.7834890897330755,0.7798246929776037,0
0.5550501819697612,-0.36653414949645985,1
1.825577170564298,0.43838495224500584,1
1.6300539979127002,0.004156542702493687,1
0.35228810385157977,0.2535145047551879,1
0.7292717604355468,0.6616528666178668,0
0.5837361582372684,0.7974437812913417,0
0.8799209449049388,0.393200316628268,0
0.2728798414563739,-0.3046949893963525,1
0.6595981453206968,-0.39091494970649754,1
0.1899821301140936,-0.05405985765030501,1
-0.23718900454156822,0.840140523057469,0
-0.6800722665254675,0.48245191767396683,0
-0.17255490942551246,0.8087050786434193,0
-0.6479362307331341,0.9999967696169115,0
0.8177132745977728,0.35795163384288575,0
0.6639856826517738,0.506622378977673,0
1.5904481347923176,0.069001224905217,1
-0.885751831854022,0.41294159593811186,0
-0.3174978991199294,0.6430966267960833,0
1.5277144027659617,-0.44913570043623907,1
0.193526723464832,1.2729233174180363,0
0.57953806893777,0.8342240386086237,0
1.192880139590766,-0.32309535500218156,1
0.9061331013913482,0.29568702021857246,0
0.003771627872087152,-0.10212096646232278,1
-0.8883132472553299,0.3355143879307702,0
1.4247251462656407,-0.5858213035898752,1
-0.11097817069933838,0.4051096429660067,1
0.8621779987819773,0.16578170646289397,0
-0.14039746885654317,1.1663051359737253,0
0.2273427271499464,0.8889498629152146,0
0.5236538727158634,-0.30608920811841367,1
0.9592546901356234,0.6301522862497803,0
1.5238127362640492,-0.49332355371448894,1
1.3789870567980669,-0.36719929096381865,1
-1.0449376947848725,0.30728043429809526,0
-0.6440285240085064,0.9111391765228497,0
0.3745141006518677,-0.1039462739596431,1
1.1001095608381173,0.5496702859715065,0
0.49960673630524227,-0.32536984724422785,1
-1.0150522646801163,0.13880021640549056,0
2.0574537981729866,0.39070158043626324,1
0.9113580052878816,-0.5456014172313388,1
-0.8933358928592519,0.22969860049220392,0
1.0231986996275118,0.12891371442625424,0
-0.12331774178740926,0.9161849370618228,0
-0.5756020168989444,0.6646812110250342,0
-0.1068178480523286,0.3053717543586891,1
1.0658194324786214,0.4223498296355732,0
-0.0730597077370733,0.4290762862315638,1
-0.46558699936179126,1.1600749294806445,0
0.9194920484719898,-0.5357842521473212,1
0.45991408364518194,0.8556533431558558,0
0.284689359234863,-0.2504719313332854,1
0.19909898186711894,1.1379449394515027,0
-0.23934749576713654,0.7137420539001831,0
-0.8347950516826581,0.6227629767102467,0
1.0961567985236205,0.12598466825509647,0
-1.1307610897577631,0.3745833353627115,0
1.6227155498713335,-0.2515946316386612,1
0.9724639525528146,0.6350947678175899,0
-0.03108997386340899,0.9389814504676522,0
0.6988590153326533,0.019860311808706954,0
-0.961467645567562,0.25455942803308573,0
0.17249906491461223,0.3155843519251813,1
1.020429162460123,-0.43109431313559465,1
0.4420015961037781,1.0432365162541117,0
-0.04917757826202482,0.8599227888807365,0
2.1414033297676074,0.06724459223777282,1
-1.0321563212308562,0.3576089335652624,0
1.0415719915465553,-0.6405349357865997,1
0.8982328277152598,0.38206437398878257,0
1.7157044575999938,-0.01680468772245322,1
0.8999570587898724,-0.3469512147329219,1
-0.36050774041921163,1.0143151982413212,0
0.30483321052371265,-0.2829413391910323,1
-0.7557459502490915,0.020095326387677748,0
1.3391626361374585,-0.126833807682441,1
0.6639473406596305,-0.41659881871678134,1
-1.0626421433466793,0.046909996041189686,0
-0.41458156472672225,0.9684582238915258,0
-0.9571708645991006,0.16359929923763578,0
0.8338403990568101,0.12010963426248816,0
0.18730186827031486,-0.27223666647219197,1
0.14513384584699532,0.7034736884662511,0
-0.5680763550482979,0.6799703892632057,0
1.3936201736555471,-0.46249807264548526,1
1.1437584734590782,0.26621900673376403,0
0.7610546636863585,0.6159287193565245,0
-0.3340333456850828,0.6896052875998762,0
-1.0606862952133487,0.5066781052930212,0
0.7212077296225271,0.6802360689769811,0
1.4028467558032214,-0.4167705003455451,1
0.5923677921362697,-0.36156108181342134,1
-0.02150531401064116,0.7020999465667415,0
0.4283055791559824,0.2801677887270234,1
0.6202169824509479,0.7994922143606334,0
0.6059480742263191,-0.7287969295113437,1
-0.9969339835255125,0.19527638753126797,0
-0.724368896582594,0.37344775816296394,0
0.25983464577081766,0.79914191608418,0
0.8145837547913067,0.40721236012385204,0
0.9159669683100284,-0.3361264644812961,1
0.9852897983984961,0.44236637254525524,0
-0.7280625106956994,0.5023403464224481,0
1.0627583541380552,0.5882944520404189,0
1.4597027838538408,-0.3198717477749554,1
-0.6590835888897032,0.7332515961208903,0
0.5314099177031447,-0.3898782898617906,1
0.1942748287849272,0.8895789755439187,0
-0.5712220388647533,0.5704545907270292,0
-1.114016303832383,0.4829211792425003,0
-0.8916181652125615,0.5342123981333446,0
2.067914652691883,0.5350517113958714,1
0.09474548973120663,-0.1129011999071532,1
0.778200261725132,-0.11240719728493259,1
1.7503649782033748,0.262493778052289,1
0.0830493356131162,0.36317009480955503,1
-0.02239021591517603,1.2421373289366557,0
-0.10708009902004978,1.082079069176773,0
1.0132402143854828,-0.43780517661709883,1
0.6450493003855264,0.5494995251767782,0
0.4874925987919601,1.1902674235397825,0
0.44486851759165047,-0.10465011211961008,1
0.6550272059645157,-0.6606412599346437,1
1.9263130227290661,0.6198930527546191,1
1.8258956468139604,-0.41134981121797487,1
-0.3294121260397149,0.7689598191215621,0
0.5568783651448207,-0.2911343195811754,1
0.5342500314779703,-0.20664133813587732,1
-0.06605933593377883,0.19943593366762652,1
1.7805073312880193,-0.09747702297421601,1
1.5673764559384933,-0.5270868330074118,1
1.1115822954773706,0.2710024632447483,0
1.9744629851386757,0.10069477811464358,1
0.23116445273187347,0.08999251715430605,1
0.5263582866664679,1.097489166851437,0
2.01298166508987,0.5465637242149803,1
0.002657715079884493,-0.1452089164739741,1
-0.6956777352069168,0.25748781809356963,0
0.24237504838374957,-0.317757658829607,1
1.8187589627535876,-0.3576958785390155,1
1.8109795932801724,-0.5597608270944489,1
-0.14429807259197616,0.868154835503962,0
0.732121916172151,-0.39484677244645355,1
-0.20611311336449947,1.1036812774448927,0
-0.9043174555611572,0.5856685576249167,0
0.21767854037930834,0.5924093758198729,1
0.42437705595784847,0.7219766144448491,0
2.00433131393504,0.40763607848963623,1
0.8583737165443612,0.35863130712664776,0
1.734505217756061,-0.2795683242678221,1
2.2103919342501097,-0.07863059983111295,1
0.33248612957769347,0.9275938205579447,0
1.184533228361012,-0.42353647438371356,1
0.30088106537613224,0.2031668636834475,1
0.8849832845813681,-0.34432007552326527,1
0.14601425678881916,-0.22067013258014626,1
0.12378583147123809,1.0749202624887761,0
1.5407984743201582,-0.06029963865979304,1
-0.6154359503871031,0.6767627316193308,0
0.3680360313607897,0.32103373748836794,1
2.1640228370330608,0.21776790498424403,1
0.9008022110754867,-0.3052031589378366,0
0.026024390471088538,-0.33645306111298173,1
-0.947181877409876,0.14317644625805154,0
1.006045581375926,-0.45808167416865264,1
0.204284195841016,0.041061247280130345,1
1.0064979633662723,0.45242950308486646,0
1.906546977998139,0.2655871014823053,1
1.9004622555047337,-0.05033150216645206,1
0.47244238695064655,-0.5391420636411612,1
1.9251222019056262,0.09156035462200388,1
0.7020646512645382,-0.4836151703519867,1
-0.9673016048982424,0.527068787294185,0
1.8893330931427004,0.5188673120064665,1
1.6779808143517108,0.16798652974691852,1
-0.26935901573404625,0.9661602932046831,0
1.5690501360002638,-0.3725662117282994,1
1.9693931561442533,-0.14016402295606073,1
1.6150067969932926,0.3124866012867756,1
1.751767849882997,0.28326218717435864,1
-0.7706956879892857,0.4495632240354054,0
0.02387452774696468,0.22460602902468935,1
0.5869891454546975,-0.13799070673582764,1
1.4150145300196373,-0.4077198753365884,1
1.547542232497352,-0.15878490813345456,1
0.5670013074120975,0.9027582702747982,0
1.7430612610731346,-0.5085827552645485,1
0.222730165374269,0.18838708310269614,1
1.863106612575573,-0.26227989373925353,1
0.5559562837529699,0.6177751985140086,0
0.18520785437577092,0.8731743335263579,0
0.6678178730972503,-0.7228799927996972,1
0.940018923503394,0.38667363565582974,0
0.8697254112150434,0.29134372508553835,0
0.05706571385501431,0.557218984182701,1
-0.01593634593753865,-0.06251585740938921,1
-1.0663132051060267,-0.1095912987953003,0
1.8706227459584859,0.031225739172824313,1
-0.9757685633429426,0.11462928013338325,0
1.079366755682793,-0.6893502157228126,1
-1.1671457644375003,-0.003687220004456322,0
0.7395676824737983,0.29840115424625063,0
2.032721705354269,0.5039137105154678,1
1.7542949485978634,-0.23096096295614132,1
1.156707343725203,-0.3964545400632043,1
0.3297621796829659,-0.06747111570971852,1
1.1682190123435308,-0.2877791549861313,1
-0.8687912182101458,0.39832059596372543,0
0.9102868381658253,-0.44136638088007785,1
1.2347386692800069,0.1078509442074745,0
1.741828761039609,0.5331167521569224,1
0.5192307386406521,0.7408286254850125,0
0.8090215412576619,-0.4337239964635277,1
0.2164060910831232,1.0247103372529855,0
1.7927688873622283,-0.07086308455097819,1
-0.7481098394326311,0.8311995041348458,0
0.45332765642852324,-0.20184954525617294,1
-1.1824667956201074,0.08895588956022168,0
0.03320362551073458,1.045660993668975,0
1.4507171094087492,-0.3426229970185911,1
1.911666876634643,0.3281661875743572,1
-0.4464859821794552,0.9741282946758931,0
-0.38885117413604076,1.2927953584889336,0
-0.27989272706597257,0.6475401979453888,0
-0.7857109535226587,0.66902281033095,0
-1.0969407752370322,0.07766949494346498,0
1.6348332905372134,-0.4069408000272947,1
0.20755842149301865,0.5344837273093817,1
1.8611249232534877,-0.32488923073086073,1
1.8306838294894843,0.10370108552260746,1
1.8786677179200757,0.19856650597466563,1
1.5112163768134854,-0.02020264580132769,1
-0.14683160909343912,0.3563134828125704,1
0.12252273481095369,-0.21790362325166884,1
1.2112188754111195,-0.44179162221275814,1
0.5424986232413067,-0.5996244677275289,1
0.360392270743522,-0.019286193338775598,1
-0.9107915031753022,1.072982489698759,0
0.16173915323450258,1.0976601751562636,0
0.7048454967188057,0.7085134137099073,0
0.17326021659836632,0.1937943366290275,1
1.5785004517404588,-0.4359272751632397,1
0.412862909005022,0.967944932006422,0
0.4580792146821106,-0.3096394111339759,1
0.37498803317264606,1.1127613214916487,0
-0.9950178668043282,0.45759123649435335,0
0.44608099520147115,1.04107660622901,0
0.8039089735961731,0.7569060301503594,0
1.3947850230115817,-0.2633942895168505,1
0.6145368180932094,0.8080553927585307,0
0.2959766331075248,-0.10252236765937515,1
-0.9178424379296709,0.5297315832734968,0
-0.7431636078008335,0.5561746059783217,0
0.7789285436501718,-0.3165897459741117,1
1.018013661981276,-0.5262910638789602,1
1.1399266139836919,-0.4339219957014893,1
-0.8245308138478247,0.47926614350406166,0
1.8289506320173083,-0.4107478183709306,1
0.9788606413471291,-0.15098228766122454,0
0.954247838478817,-0.5128523348596893,1
1.7769065084517928,-0.4551509068321111,1
1.6493774102150398,-0.23006112525139855,1
0.5074779712419732,-0.17628523206829616,1
1.3795824448851317,-0.5096051017687736,1
1.9727856821280811,0.02618612529323848,1
-0.5829327123274971,0.8957892316983114,0
0.5173247723127238,0.8862618083199454,0
0.2563701133762696,-0.28709065487414864,1
-0.2879529619137917,1.0206129783522957,0
-0.4465565736168947,0.8284421019696439,0
0.9994859741463705,-0.4690795416706062,1
1.0761381260469736,-0.3035200413791668,1
0.8224812849602275,0.8876934557525311,0
-0.7447357161501162,0.09982757539829332,0
0.6336796418115119,0.5409655432069076,0
0.30103818050620595,-0.24508349240973507,1
1.0076396566621284,-0.6886276470083055,1
-0.9440085274298364,0.6734679192128763,0
1.0021765142725303,-0.34967830731342364,1
0.5777572783983669,-0.3984371439683579,1
1.3726960038235516,-0.4055927170914456,1
-1.1732229345893337,-0.16435792329420934,0
-0.1507001749888469,1.1554156085384046,0
0.427845666798567,1.1023376652936685,0
1.3599792219836724,-0.2739613810359749,1
1.9602115154644149,0.4999918853741437,1
0.6617415718696266,-0.5277889031065988,1
1.102787512382534,0.018832923086325865,0
0.44999167242603766,-0.17965184003924367,1
-0.6799228660424497,0.3103250912282316,0
0.4028603976844575,-0.3150936999974221,1
0.9756460197193526,0.04799736556014883,0
-0.9477973832524227,0.32744272087035714,0
-0.6637474880738274,0.16559771809241638,0
1.323816502240913,-0.27091941724079616,1
1.1365546209343027,0.3920787716685621,0
0.9545685200178328,0.38853950615594435,0
0.8050221224924916,0.35022774506546117,0
0.40776484461869694,-0.5429905656164699,1
1.4786037264566974,-0.40953577433292176,1
-0.21189516652929974,1.2665735917842378,0
-0.7934453645387801,0.3612821579093696,0
0.7771745300827188,0.3407811753280937,0
0.29979749973106595,-0.12384333625228418,1
1.9620776237222148,-0.07124716831810823,1
-0.994042304192234,0.6343332070893253,0
0.4117462585364814,-0.33145439778569763,1
0.806933470648732,0.33135518910478756,0
0.40097139339176524,0.8177410614119424,0
1.985752302487773,0.5364563292924492,1
0.5476391893074509,-0.31582704990560184,1
-0.6352250269710533,0.7326331023380164,0
0.03520981450679475,-0.13095035383659764,1
1.4553811177072997,-0.4080621809060131,1
0.4406936398022233,0.7297530522897773,0
0.44814424127016295,0.8967215452558911,0
0.7825217894918999,-0.6024304984156178,1
0.5709537759697861,0.8901140148365391,0
-0.5183643116697096,0.2792280536802687,0
0.19976629852587777,0.4568874117985305,1
-0.6083778702805535,0.8626322423935021,0
1.9909495921535048,0.4785233999721925,1
-0.5418754915300507,0.9407736434202784,0
-0.7894789029166636,0.7117053994658019,0
-0.9139168431618638,0.3358408768202945,0
0.7822633825438035,0.0557170598820875,0
2.0470307732926774,0.3990660224126178,1
-0.27680837546594017,0.8429599261306676,0
0.344229815497687,0.8204805762631076,0
0.08197778650250749,-0.10688570950023148,1
0.28470665735907164,0.003119164043289241,1
1.562039214450348,-0.0976395054187017,1
-0.8281127896378685,0.6619799079754379,0
-1.2567526478701754,-0.28453886491347435,0
0.7640344405418433,0.45394285394595213,0
0.9855481586880344,0.4551463184058586,0
-0.18370413847913925,0.8174361079225417,0
0.9414839274667892,0.14120852788075183,0
0.1405217374424027,0.9059373928110788,0
0.23399705011454547,0.8205357181892151,0
-0.2196324430143871,-0.17513104569113386,1
-0.22719841750717748,0.5972653190631633,1
0.9610697788193201,0.1530959057104382,0
-0.7546572357882593,0.0135751432921275,0
0.12282025363375933,0.2541032773436489,1
0.3847330168014691,-0.08663766807612643,1
1.6723545261090778,-0.35572957073731304,1
0.7550673483815256,-0.4780709677548408,1
-0.9269309704060984,0.3808236926840353,0
0.971911326839739,-0.5150352566235661,1
-0.03596924226871837,0.48785504941374325,1
-0.0544267689912219,-0.13850757621614043,1
1.3693503685092188,-0.6109907260491111,1
-0.9213411845499516,0.22686891231383022,0
2.057292777135463,0.5483563073797919,1
-0.5694184996095619,0.72682080676531,0
0.351197230704308,0.7937196767942799,0
2.0142611683672023,0.39653296560118634,1
-1.0941809529207942,-0.030589997617159026,0
-0.9437573806495598,0.23721867565941157,0
0.17781991239068118,1.1376393476017157,0
0.465530137705802,-0.2026471890489168,1
0.1776383315992833,-0.3002817994287307,1
0.7689376629026886,-0.7236613739497351,1
0.16711722189477424,0.23621203379116584,1
0.7823204652754127,0.6703782428198541,0
0.19295554058912717,-0.2154475155566047,1
0.039488050128682894,1.0280444473135115,0
0.1507840443221754,0.1881567721463844,1
-0.6902816532060785,0.44358892186517623,0
-0.5302944727520764,1.040039840878748,0
0.0998303946216919,0.38353106042195206,1
0.5591234538634094,-0.312452237060357,1
1.7832014124452416,0.5072859189840875,1
1.8134397394610235,-0.14307792695747967,1
2.038270272310332,0.06718919238238293,1
1.1766299269865848,-0.5664071290316423,1
-0.5067843021470173,0.9229545596022243,0
1.802664953951877,-0.25281066282326103,1
0.19740264032361238,0.9158393980449394,0
1.7359868275518697,-0.09574904170056583,1
0.3009228220887552,-0.16167076806902583,1
0.13135157546496556,-0.09932742638573394,1
0.10645233945898575,0.2172369683725625,1
0.0065377483952972215,0.8469273841825814,0
1.6306200813138427,-0.19383869427987424,1
1.6414779618686133,-0.4747189253955926,1
-0.8844578821227782,0.5119827794870676,0
0.6007887499777167,-0.5500133811840721,1
-0.8549955010398163,0.6623138027157132,0
0.18750026407916626,0.0023003962801427177,1
-0.06597558262842684,-0.34156749677732434,1
2.025901708018317,-0.202273513311172,1
0.2810173368923386,0.4106183442154053,1
0.5426584530558682,0.8164944834553075,0
-0.06127484795222957,0.9273731744372999,0
0.5138490374880353,1.074219822607521,0
-0.4807721893659262,0.7915860003077654,0
-0.10025869693973326,0.45797779122782317,1
1.2066537083291304,-0.29968333020636195,1
-0.9453125225809924,0.8934567689153496,0
-0.11243398117791839,1.190857287587426,0
0.7843269804920268,-0.4399817034944843,1
1.8082719613300307,-0.05254457041559487,1
0.6747700604627468,0.5591890619458425,0
-0.045402113521489984,0.03157732235202254,1
-0.39456424725192885,1.1500377021878945,0
1.7354875650772394,0.030259654583631,1
0.3228423594248422,-0.08025291572114426,1
0.7380776924920821,1.0480433241266247,0
0.5926223605943272,-0.2675366317200389,1
0.5403658422842329,-0.4525623727411629,1
0.47531650802315617,-0.3955502654954186,1
-0.5598881721048747,0.44464263168488777,0
1.0154313682970035,0.6906836799179575,0
-0.15719568183249102,0.37680582551301145,1
1.9399469472769342,0.18480230814803783,1
0.5726539721454448,0.736916163392178,0
0.3382191816154913,-0.4833932182955219,1
0.9093336224406673,0.15488283439046238,0
-0.612707351552389,1.067414965628917,0
-0.9902097629170291,0.7546100791800859,0
1.7772616734085835,-0.07831706755070801,1
1.6160745132919057,-0.10095860683678926,1
0.34905350022859927,0.6979395890693232,0
1.7440539938216228,0.1714695385006112,1
0.9195246138790666,0.33591165561567277,0
-0.9127473670975237,0.6298539380369321,0
0.3108556716421314,1.0774942807158816,0
0.1481473009575987,-0.040047519574479495,1
0.575638972228111,0.8584848675482717,0
1.3661301644117887,-0.42852847294422786,1
1.7468542658889377,-0.20081407115108107,1
0.5755167069800488,1.0823585037996355,0
0.1558829609189411,-0.25892119036599326,1
0.4583023084107412,0.7334742357006057,0
0.5483175855967578,-0.146202207032255,1
1.5292546537280984,-0.5246862563308053,1
0.27687812196954514,-0.11006078859184681,1
0.16532617610149816,-0.08444167571214634,1
0.5007028263017663,-0.5798177428209127,1
0.38699610541011953,-0.3534999254611402,1
-0.7981630944601108,0.43980556324725745,0
1.1977208246226831,-0.5911232856545285,1
0.663963806600756,0.6304275013030507,0
-0.38593033801846743,0.4684115002634573,0
0.31353011314685614,-0.5280015773923209,1
1.1211073674894605,-0.11283401929253534,1
0.05797158182941688,-0.11253107067907506,1
-0.7461936044481199,0.026531230517593207,0
0.09127942896169561,0.3112322065043474,1
-0.8350486875281253,1.014070854756581,0
0.7106451440362292,0.6973247999777822,0
0.8854054833966726,-0.4919377645974024,1
0.07513054053622496,0.9017469597881889,0
1.7072494071990179,0.40376592943214584,1
-0.4421243037021039,0.8596163288603453,0
-0.14257569075480683,0.3662226658764055,1
1.6560626953185498,-0.15076112465618857,1
1.0211828974406771,0.47749070817537315,0
1.5608506900656707,-0.1843524492381957,1
1.7974557124149453,-0.1155336327735764,1
1.0457435246423477,0.20651957829763665,0
1.1312751012815134,-0.3850242147831485,1
0.5318572593854414,-0.21518376190703659,1
2.045411643213578,0.21259697122500462,1
-0.5025604076252951,1.02451478093019,0
0.09062340521704314,0.5244585533516427,1
2.0002120230327605,-0.11341087998667396,1
-0.2643454874608766,0.903658643940225,0
0.7233592905158897,0.6853902905213499,0
-0.6169207156980147,0.8013214326487349,0
-0.7294885124957774,0.6665825324871747,0
0.4362664974123444,-0.008923803979979661,1
0.7104687449471586,-0.18399669219082862,1
0.08459449044298213,1.0148640337199992,0
-0.7724965511352281,0.7814831503681194,0
0.8180882135252345,0.5699077265573717,0
-0.5319210883316627,0.8555892311446133,0
0.8793326575958238,0.4393687487573782,0
-0.11192908410042868,-0.06556864390594153,1
-0.8867518167939425,0.4706698663194198,0
0.3984237351553029,-0.30414617768046,1
0.9763488704703598,0.35290205101338423,0
0.7660446830226438,0.7744613752998698,0
0.20201363941538225,1.1901596896331457,0
1.3827803044204305,-0.5343881672600498,1
1.876289885762033,0.20199213809688626,1
-0.001696857566385052,0.442430649050914,1
0.8571645226177218,-0.38228690621859934,1
1.1194367712685256,0.18577797869378407,0
-0.8102076388127836,0.47988698626826615,0
-0.051199274730833896,0.1041967535535753,1
1.067523327155096,0.10905954460595309,0
-1.1490534517797588,0.08027902976086912,0
1.5320375711938743,-0.2703198446628873,1
-0.29694225162231114,1.2864959941678105,0
1.019628071906061,-0.6686604495051169,1
0.6074411242004377,0.0581459039214431,1
1.0775286473469499,-0.6403827805157875,1
0.632280450704888,0.5956771251624507,0
0.5316563780556539,0.9076569671080208,0
0.9491785678983666,0.8940766374536366,0
1.0338516239006883,0.7253886455112267,0
0.5596493592372882,0.4037953433434112,0
0.24049691154113123,0.0007266129148269795,1
0.9198274280775891,0.5637708439848883,0
-0.9425569589235239,0.0025729123429188857,0
0.5399530228558804,0.810853495645304,0
1.7165048615835257,-0.20803403533250722,1
0.5789897371634841,0.8118643017197898,0
-0.30416225773234273,0.13163545497404022,1
1.1336357804756068,-0.3242006189611506,1
1.274330554374667,-0.3201033373552622,1
1.9375288125998973,0.4822002214424673,1
-0.3394412708752963,0.5705834348664459,0
0.9651177518784372,-0.5460491696659617,1
-0.916606262089239,0.32643404969936113,0
0.4591653196700867,0.615990798852308,0
1.227209895156165,0.28942554375120494,0
0.39496641294620316,-0.3934109358228721,1
0.9964045055508385,0.33175855355579154,0
1.2718018170369352,-0.04260896962468716,0
1.2023641904281934,-0.2800178215972591,1
-1.0052164698129065,0.25151540536966666,0
0.2531566937693004,1.0395533128474281,0
-0.34828320221277187,0.9139244230877535,0
1.033067259793706,0.3718888621554942,0
-0.7629899852018605,0.588803659142149,0
-0.3122655439503652,0.7684423737592734,0
-0.2338739816834381,1.0664437035398573,0
-1.0407682473092021,0.24433273226478758,0
-0.23478551318972626,0.9980654869134981,0
0.4537096467177917,0.9750118942891788,0
0.17637264128818064,-0.2333548349966117,1
1.0572419124408587,0.25329627425647394,0
-0.14654109735134965,0.3826475123000025,1
-0.026470834547670435,0.7239975112699917,1
1.9306272749048248,0.4433654199954342,1
0.7882305896331024,-0.43214071788091757,1
-0.24150661409155894,0.7328461047846928,0
0.32960990302358145,-0.4197749879602333,1
0.6646497042233045,0.8879154135759718,0
-0.5739620601996144,0.5884328062258668,0
0.23268512151328996,0.9934635751184739,0
0.047116428920731784,0.4598805759820648,1
0.988943548324262,0.38090362720003074,0
-1.2101979919973527,0.5104818237589865,0
0.15832301139233018,0.22675505913837068,1
-0.09415436103970028,0.3207198738275558,1
0.014852687488706717,-0.15419854493942986,1
0.5261912862492734,-0.32437424623917455,1
1.1723436744258544,0.8023784007804184,0
-1.0013949327378417,0.4284259278278928,0
-0.11577814689111576,1.1900706938912342,0
-0.9076904724460779,0.16866003179276992,0
0.2604015324747466,1.0836120147815698,0
0.9494079848551317,0.4160942314845255,0
-0.9709276709944915,0.28118607803851675,0
1.4020055150580246,-0.5394149169811396,1
0.4909030425158717,0.8687462281768552,0
2.267491710117782,0.703367292267106,1
1.0583184440435704,0.3177955654317236,0
0.595595591587953,1.1641380342797694,0
-0.07825705883847653,0.09905757559459766,1
0.04349973089005134,0.5346060955870009,1
0.7452519706548864,0.9225220231547397,0
-0.7433958163700052,0.5501820526157161,0
0.3989738979024428,-0.1314433180858018,1
-0.9234470368140691,-0.009956998468220332,0
0.22657182561773498,0.9043100857903679,0
0.7410451055740328,-0.2103936951334253,1
0.8038519641424047,-0.38158561371474736,1
1.9669495858722785,0.2873192526858579,1
-0.034947607618212945,1.204879923481373,0
0.22700369035148857,-0.1885382009583527,1
0.89530836631898,-0.717578760052364,1
0.8994455571653837,-0.46131582226487367,1
0.20058115184572411,-0.3136364527353177,1
1.6882366180675403,0.16535505255408486,1
0.7598409225116269,-0.4450399921985979,1
0.7757506365399687,1.03662572176759,0
0.2808671354999287,0.11959321502736779,1
-1.0035903718136578,0.1307453240633454,0
-0.11161572796412013,0.7833257541519015,0
1.9763769870060424,-0.08347841628259811,1
0.48376152574203013,-0.38767165337108794,1
1.1936015123948844,-0.24579247769616697,1
-0.904264780232053,0.8540947491816737,0
1.9072247075811246,0.2539548344803957,1
-0.9129781520695924,0.10351390389640415,0
1.124859603599254,-0.26198278261136465,1
1.0244087188265771,0.5052422344121967,0
1.025869783857908,-0.5647626107724948,1
1.481237405268589,-0.3297757933578749,1
0.6377648999374027,-0.404984246032136,1
-0.0029412467902346015,0.7016968126899367,1
-0.46237544931514774,0.7810293871484406,0
-0.6311627955531723,0.823108403683542,0
-0.46777111832069496,1.093652711458108,0
0.7506680950303376,-0.28506731839919364,1
-0.058409146942430226,0.2569200021707595,1
-0.05770183232383799,-0.1850678483406159,1
1.1223577402105338,-0.2408589216155071,1
-0.9974944729232249,0.48920249885914974,0
0.49122253748340194,-0.31749421851832726,1
-0.04181677735634116,0.4885708533802761,1
-0.4608522088034446,0.5292428084228058,0
1.4152261409438114,-0.3130907313052586,1
-0.30956043162019115,0.9928112987668865,0
-0.5969752433445067,1.0197005542404884,0
0.9146419660299853,-0.7259519818709176,1
1.6766406460841792,0.12399492319251601,1
-0.9317153927204795,0.19084672455956325,0
-1.1573494566369356,-0.022659174544071445,0
1.0966867505874338,-0.5819310453786748,1
1.115661581999924,-0.3507475764180084,1
0.988296673688021,0.4956612234182947,0
1.4772090834825342,-0.42609240387808445,1
0.32501352962738256,1.0334969052592216,0
-0.6603127721211577,0.5995266217671005,0
1.0954264199167751,-0.508776021779454,1
-0.005514823460793463,0.4177877362716821,1
0.7211492876737132,0.45643425545438177,0
1.1352223520802154,-0.4581040408345762,1
0.07284476612801702,0.38115095131622473,1
2.0575507715496086,0.15999246533198913,1
0.8284615482720893,0.6735011955310123,0
1.0006057930151786,0.6095075571381321,0
-0.06060433208752328,1.0634252807575801,0
-0.8453192929336573,0.6093527285398488,0
1.0696661957136746,0.32191290197812067,0
0.9647998734551463,-0.024156959167514203,0
-0.9355186240149731,0.3741115877337543,0
1.0096509099727318,0.004517027048637184,0
0.7318118357061172,-0.30895176913392647,1
1.7121070420421345,-0.21376640191871388,1
0.8568905433139998,0.2860839844606181,0
1.144391391815295,-0.6047338280315764,1
-1.1454065683029424,0.17756849510169834,0
0.55265593607825,0.8522969142385054,0
-0.22038262093308483,0.21795753186577352,1
1.5328556567281018,-0.4115148442265024,1
0.4237400945103331,0.872985785893412,0
-0.5371096363647747,0.8978132770452413,0
1.5970040525969271,-0.036095203285300505,1
1.9945814994343745,0.6834904360214584,1
-1.167793962512014,0.05992333661256655,0
1.0379983102548924,0.340586560057789,0
0.5060005524148243,-0.3920405034799252,1
0.7407272020814897,0.5346085702773723,0
0.5927636804613305,-0.3474060685232053,1
0.59477449174616,-0.05552289808708355,1
0.360014449962212,-0.04664695244214298,1
-0.9174352958289158,0.6065670267990905,0
0.13142797193710512,0.36089123799661565,1
1.0033086272665561,0.4004242106381706,0
-0.4384019486634713,0.8124077535925796,0
0.778726749422449,-0.24512418449978077,1
-0.7408170239232519,0.3835012998491807,0
0.6265975083303312,0.6591266177160593,0
1.5897807519841176,-0.22831076404400752,1
0.6248971637087386,1.0451947780334092,0
1.4985392460890914,-0.3380978361275707,1
0.7255471826436433,-0.38472976780683554,1
0.36187356349942046,0.8178653950872566,0
0.3342422780771529,-0.25858348566565775,1
0.2798206604368311,-0.06060621885098433,1
-0.719289266757225,0.6482832395946305,0
0.5429046656293751,-0.9137044338044642,1
1.8069201283342988,0.7444266788376837,1
-0.9922836260871873,0.18071295496075884,0
0.40273283005670774,0.7031540348238092,0
0.9130836299551985,0.5289961778831151,0
-0.28606417677759355,0.9147642716494553,0
1.8909027693826934,-0.13180234207365232,1
-0.764021683440333,0.416189932917035,0
0.5333859383444244,0.9452244863618716,0
0.5085967059477189,-0.11957895256476045,1
0.21688100751315242,-0.09830907150602254,1
-0.1670561604615085,1.0246266948439102,0
1.471196825796496,-0.44350955248563867,1
-0.5983548224720022,0.7940590624990325,0
0.8170897507434778,0.36101094823914903,0
-0.1583349353182916,0.8736902301845977,0
-0.9817585306790554,0.1426531199943818,0
-0.5769096883318028,0.43642981423939664,0
0.2639241965711929,-0.23009381250912894,1
1.7544564351458043,-0.13314934120021982,1
0.5783765898799998,-0.44794921703865154,1
0.6717752820132803,0.837155086834921,0
0.590722273694159,0.9113820260273439,0
-0.28042409295050574,0.9751932887431538,0
0.9504828330155504,-0.3944244079865662,1
2.0977320217543776,0.4707886192041751,1
-0.13654197121807005,0.48545998302049,1
-0.41612866364648365,1.1761631158425374,0
0.6231650039513459,-0.4365763143279896,1
-0.21687577399354932,0.9963228912030722,0
-1.0083552722150708,0.022407281566317855,0
0.9797189061332696,0.10720111199307258,0
2.0072953709894237,0.504449241937297,1
-0.5027777144591584,0.5238193988165407,0
-0.25364408165509894,0.7958147443379036,0
-1.2109795157577803,0.4018226949728368,0
0.6903849467464306,1.0176360723479274,0
0.6942056657295997,-0.4880615766721588,1
0.26726529332736637,-0.03427565249132783,1
1.8734565378118608,-0.027946275845458092,1
-0.8951658443987364,-0.02090522742458578,0
0.0164022888690592,0.8479958044236017,0
1.7633215463824883,-0.1891755597207409,1
1.5687906433150036,0.3763868565207339,1
1.9980581530529835,0.3527113880678111,1
0.49493875306066326,-0.4204739086431263,1
-0.25835115726285723,0.8791611202808742,0
1.7382876770193765,-0.21603173002891454,1
0.6292585992252892,-0.30692044492769727,1
0.9737524895592035,-0.404130393140041,1
1.5945368079216835,-0.393828513307466,1
0.7585285912452822,0.5098858200470908,0
1.1253983887723316,-0.7703063529328362,1
1.0297514631983322,0.25121702582325894,0
0.007071347232768199,0.8725956859127623,0
0.9849136572069535,-0.607682602916786,1
0.18967117126822391,0.9264800630537463,0
0.924259308814894,-0.28844547298666784,1
0.3093897761286085,-0.03494477984577128,1
0.7007119502155439,0.7334689383148809,0
0.8938966709257652,0.08636764240967837,0
1.927960192215028,0.473517685978111,1
-0.5686818227897252,0.8744808368811408,0
-0.46658186041726346,0.7530117678630642,0
0.6495409792168237,-0.5399975108379442,1
1.8425575816473403,0.08053714990846442,1
0.6018292496316668,-0.26493487359927625,1
0.6637621455005631,0.8567049965062796,0
-1.0567654975029757,0.35555191332886116,0
0.29711202030254563,-0.1160950592926883,1
-1.2137087534154205,0.7654640089273113,0
0.5747093767852787,-0.3171722794754476,1
1.235899023367497,-0.3721069465034377,1
1.0391276658292232,0.36442892105431535,0
0.24124094530822254,0.6871944023406475,0
0.1282586395471788,0.31857080604333604,1
0.21903348366973951,-0.25475824671972397,1
0.35857121683631077,-0.23179263660514438,1
0.03428672667411352,0.8645973098785396,0
-0.1509402541036677,0.81839807853204,0
0.23171696754680202,-0.32644344246677875,1
-0.7771986408253453,0.6912492460059398,0
-0.9615142002487905,0.06411260587859217,0
1.7716552525765528,-0.03153855442297941,1
0.4420414788429263,-0.4782330919578778,1
0.6873291412094644,-0.632703782828114,1
-1.1346219987499733,0.20080571043069506,0
0.019682175147026013,-0.37438392190779307,1
0.44369364027912295,0.6985127563997915,0
0.09709196941600128,-0.010694954491710568,1
0.3052025786127788,0.10580685557829217,1
0.11425030075284015,0.29257342603871866,1
-0.05117888475172595,0.5040426849504445,1
0.9908438155652117,-0.6415636369279276,1
1.4913260457602109,-0.2746741785275607,1
0.11056405545775899,0.9679686820778381,0
-0.4102518590558457,0.7157997926462042,0
0.5546277175804775,-0.4919960450392677,1
0.06558501521360327,1.0711050506191302,0
0.10820837777018995,-0.006815737067855654,1
-0.8726368279142566,0.6586953461894027,0
-0.6502868470356635,0.7661610154818489,0
-0.7821592348902762,0.07932127565872993,0
1.9371542089891882,0.4813309181188433,1
1.707124853967039,0.1846003789658968,1
-0.6509946012413181,0.621264211308241,0
0.23720480883934938,0.9946035489648404,0
0.4529949356055013,1.0829717346974417,0
-1.2160736811299704,0.44436155378530534,0
0.8972872296172042,0.15596293106960968,0
-0.3521839221678713,0.6680996712552298,0
-1.0747750052849392,0.13135720825212735,0
0.027708240300986023,0.92670259364386,0
1.1851433769457533,-0.45891356803159755,1
0.8223983521039043,0.6156367131842699,0
-0.20200122421065445,1.2509114454706896,0
0.17807286268432135,-0.21037387442356192,1
2.1538782118415676,0.3957066943410304,1
0.32605453532448436,0.8093592179927953,0
-0.780407651411073,0.15597994343679059,0
0.9460894303716648,-0.31286836169689525,1
1.2088513323778922,0.26472929224899994,0
-0.07853754673679693,1.062964588123026,0
0.8468960885933141,0.7227226916482888,0
0.6929316924057781,-0.5473637448457794,1
-0.8050276190011914,1.160634837310618,0
-0.09937441876112589,0.13912950077896474,1
0.9300207908775756,0.21501447300620757,0
0.8390446506551353,0.5828138797132817,0
-1.4168053932647036,0.015366881984861552,0
0.2719942098420845,-0.2796607884191245,1
-0.032511682016657564,0.7348691031619083,0
0.6294768662413635,0.6491938970641993,0
0.3029234330865801,-0.14522343455364525,1
-0.16979345463967285,0.8978840968664428,0
-0.5758546737401616,0.5561859381301187,0
0.6527649724063851,-0.36780944778517743,1
-0.4229293798897885,0.7819467605222507,0
1.2681199163131756,-0.30855379543414996,1
-0.6439875571363921,0.6965234976240261,0
-0.4470633270870782,0.8822132704171278,0
-0.3930219710776558,0.8701625596099438,0
0.2793111051344154,0.9308125405452,0
-0.07625325375984819,0.05557425573169922,1
0.33025448552949455,0.9113206409656103,0
0.1954390193128306,-0.00705159790138854,1
1.5385801394304088,-0.3180478831494332,1
0.3284216997646667,0.9217477690520228,0
-0.15665817002476173,0.8354427584116313,0
1.2008935994636099,-0.4855505343318289,1
0.7852170418405885,-0.5408188776690143,1
1.8780057334378035,-0.11102439673192292,1
0.017538993203799452,0.88449741902696,0
2.057219112662249,0.22594137936571695,1
0.7951851413690126,-0.6420806424188656,1
-0.7745480064494203,0.26712474544896353,0
-0.08778836101920172,1.1414204907388696,0
1.3762463835186691,-0.42135153094844086,1
0.820919548006023,0.2795657891950212,0
-1.0716460947456614,0.448378032915539,0
1.2255555025225424,-0.4941931688154648,1
0.615393234560865,-0.12566585952624854,1
-0.5142467867116258,0.9608499387457272,0
-0.8322103428493485,0.504146641691687,0
0.28483710912468774,1.0847322805879025,0
0.5735682387304222,-0.2842592593177101,1
0.483439154153719,-0.37912286236801684,1
0.8647416393359173,0.2989238108737307,0
-0.7210248524205048,0.5729898960492411,0
2.060350527619412,0.16534623366265527,1
0.43267924903415983,1.032564840431681,0
1.5351853041700212,-0.13221049238726898,1
-0.2554254099226392,0.33088254128483496,1
-0.49890282596121244,0.9002077954146247,0
1.2238373282299069,0.19031020353176248,0
1.2846106025285178,-0.6328274186289776,1
-0.5895644979535303,0.7703007676733611,0
0.07544722973833111,1.0460598840266944,0
0.3071194045196902,0.8443190991883724,0
-0.29469705183189376,0.9368776259137933,0
1.0140157640900271,-0.6590626748667865,1
1.1296164601155554,0.14260485298654962,0
1.3543896159592634,-0.536654380661756,1
-0.0330095588275318,1.0606356703889694,0
-0.272584966239389,0.6574944478406038,0
-0.5526429389880423,0.8900743992748573,0
0.4682102913029711,-0.18868700964777782,1
0.8072460330561,-0.22308297488851464,1
-0.9840592819422427,0.41702638870637565,0
-0.8938827217630271,0.6578267636463411,0
1.737384616057485,0.15463462067998568,1
1.005178491221243,0.5781148003916142,0
-0.02545247559147601,0.13671923700815064,1
-0.027996267052773943,0.06795438335791809,1
-0.8119021776441061,0.2483771676697962,0
0.5921642918393578,-0.3418741398236641,1
1.4543909425057242,-0.5204779058643958,1
-1.0782770815759388,-0.15542407578362716,0
0.1634439677387471,1.0279677882191531,0
-0.4708360991229422,0.8950934659166826,0
0.5048979641047897,0.6721656203481852,0
1.5278985193583599,-0.2995036146956382,1
1.0856458689037098,0.22789154179660281,0
-1.1338941461117236,-0.13798760461008597,0
-0.8511497921235971,0.6180593287930349,0
1.0810247031989733,-0.7976739931450862,1
0.14953215589695254,1.1143347927244909,0
0.06333120902806084,0.14021532381742496,1
0.7296491583435211,-0.4963712989837232,1
1.2132365455694467,-0.34626762381306203,1
1.2833698788060635,-0.6357327438982474,1
0.7144874247023372,0.6440172668888902,0
1.9009702240548831,0.21508928790761156,1
1.547284833667805,-0.31850794946410804,1
-0.03507456906591769,1.0259983718218793,0
1.693527501682214,0.16337436715016868,1
0.8770900892046033,0.6706339128357683,0
0.9531595288890945,-0.2817737089068825,1
0.6144075045359052,-0.11649328336351389,1
1.285280778594758,-0.35130852022974596,1
1.3604162598715621,-0.4746661716394177,1
0.36067270681121544,0.8091871961657369,0
2.2066500941494085,0.32286357275275573,1
-0.1483643712685102,-0.08671951876576953,1
1.9794218925993674,-0.41837248388551257,1
0.8012273984698937,-0.604575381950459,1
-0.00016205231108680496,0.8432047555437427,0
2.026143885323554,0.044736562830012594,1
0.26896862109044617,0.420192029528326,1
1.3159820803760385,-0.48992643147121884,1
-0.7345281096927974,0.04771613563107042,0
-1.1532168762853134,0.17722682693959185,0
-0.9129206181137441,0.5187631740914695,0
-1.1793013850531138,0.25253053346751486,0
1.961136027166315,0.2910714576542899,1
1.9847574276188547,0.2774191192919698,1
1.160141962389236,-0.5738354155504442,1
1.7714753196703572,-0.2546603778370885,1
0.5144073859192212,-0.3000915077984758,1
0.587689282764164,-0.5722775620770776,1
1.9523172970365525,0.43319000630875315,1
0.12101067578980038,-0.30366979592147814,1
1.6123978887278836,-0.06887977418083799,1
0.5936028288728658,0.03600696058727637,1
-0.39695856097138094,0.7741576330371028,0
-1.2086876241675462,0.07523190128195431,0
0.704311236408788,-0.7665231878663574,1
-0.8048607085720584,0.39869449153095915,0
0.9202514184789696,0.3039428652594353,0
0.71097158182699,-0.1626961081636944,1
0.199893805131172,0.9053648140696955,0
1.086961363425091,0.1969402319059211,0
-0.8832076368027377,0.32499858973244494,0
0.3662651416606638,-0.1471475247173798,1
2.180439127052855,0.2687827710282211,1
-0.2316298747682597,0.32105856191879656,1
1.1493747771055542,0.503715924546427,0
0.7508602153119581,-0.627531529097568,1
-0.7986156845878825,0.6472651999871429,0
1.276152390066889,-0.7331465307136529,1
0.23529029999362683,0.9712092008448454,0
1.4182366268093405,-0.3367130613154601,1
-0.2622985556980926,0.9901103669063305,0
0.8238664990046237,0.4857535486824519,0
1.946273323137404,0.08092342878854192,1
2.070637925660825,0.2308618801155197,1
-0.7022563366949143,0.7452393184604499,0
-0.026252766647570397,0.08964752791241123,1
1.840926381080824,-0.38247710332649176,1
-1.0121269032612799,0.6219117320318144,0
1.0818334618228107,-0.46470616693134853,1
-0.10971578738247413,1.1042153479593646,0
0.046850282709152646,0.10016066955845093,1
-0.8481419290304608,0.5261145044937218,0
1.5555168228011886,-0.40632250403095255,1
0.9458296862473534,-0.49184393250473224,1
0.9560881741319786,0.7349784293117948,0
1.9639670765316088,0.5058301398541911,1
0.41646715186477146,-0.24854469607113044,1
2.106689078133558,0.3341841843940426,1
1.0120419510977423,0.6796607336249191,0
-0.3536224006013978,0.7782918996532003,0
-0.001040522637036162,0.23092939335089527,1
0.8852660559755828,0.2234369864644765,0
-0.9871523528413776,0.5191621076114066,0
0.1672791820461931,0.3678512453586359,1
-0.4757977822883914,0.7696771432068937,0
0.23740603876591015,-0.08070250239058534,1
1.6407066556985088,-0.35866024895024773,1
0.9901320574022033,0.4287973873221215,0
1.0323951725442502,-0.41759913889536415,1
-0.6987885458415533,0.2362195349408836,0
1.6013364591232568,-0.3599307185804084,1
-0.840017338787969,0.8481390839721314,0
1.868506190266586,-0.10687901975014294,1
0.18930264635124616,-0.19677602063804353,1
0.8294469611865553,0.6510032289655,0
-0.9853753311487115,0.1865464173909332,0
2.0003318700786807,0.2774732968918011,1
1.78119831272707,-0.28107510580698214,1
0.8663951480758992,0.3872992766555028,0
1.4944427151873836,-0.44014360449041495,1
0.4490417511137328,0.6748764717461533,0
0.41091353683926235,-0.3618757959666951,1
-1.1927964629872037,0.17524656433353242,0
0.35185559693593665,1.2160070006664072,0
-0.047210678146957584,0.6935963058172767,0
0.2157222137294763,0.8880668728787044,0
-0.05216449036199478,0.4049940299837279,1
1.132926313033988,0.4872774295831952,0
1.7421994650029162,0.09760323435049979,1
0.604360173981309,0.5853598144916545,0
1.0006306568425005,0.309434984718823,0
0.19977960638601006,-0.26154259211571557,1
1.0090239732278186,-0.5099388528826732,1
0.004338773261204021,0.1813703881503971,1
-0.8595367600017786,0.6396123261668928,0
-0.2062100786472847,-0.09643294582303341,1
1.8059161614296069,0.34722626031104675,1
0.07818181460944872,0.9351888858350833,0
0.5535439634179362,1.00992903867151,0
-1.0013553988800032,0.45973533311838466,0
-0.00643387183207296,0.3853353161895551,1
1.8173502920884774,-0.007818263037598652,1
1.8879394174852362,0.14333203212071624,1
0.43277961719272473,0.682081507251581,0
-0.9600485580932396,0.7372221916920402,0
-0.14381546489142694,0.8233613793594455,0
1.0613425588466878,0.5820899310722878,0
-0.8554459953436598,0.46925076185346426,0
0.4416988698968943,1.0519634140715837,0
0.7459313812509416,0.5206216810143058,0
1.879473540282795,0.19378201624374675,1
0.704614653005101,-0.5133220070616086,1
0.9140563214160208,-0.20643242515068394,1
0.8557251439530438,0.5944877576508627,0
1.5489388406124696,0.26768706820290994,1
1.6135770294085376,-0.2702054908412291,1
-0.8937114793006751,0.34753375184453617,0
1.8085142303664363,-0.20386049430484976,1
0.4778627248545378,0.7291281365934419,0
0.7278646521000676,0.8705318407583538,0
0.22811237063426104,1.1561580633920592,0
-0.41922959610991745,0.774316718849435,0
1.0982918797457089,-0.27980687132406235,1
1.0418261474218737,0.6605476861698774,0
0.5216588873187777,0.7007780426201483,0
0.6323320649184649,-0.32395901847640124,1
1.1350247178496415,-0.45574989345857386,1
0.11700421967577443,0.5462535622894049,0
-0.1004747501947309,0.9376610904956366,0
1.5921765817189493,-0.21407308406367292,1
0.49628185132514635,-0.6095737286815996,1
-0.26933251719126095,0.8422367300782359,0
1.404108221468376,-0.3319424105416884,1
1.9261223026765908,0.011104645682783881,1
0.0961817881217989,0.8929046010652655,0
-0.870951801631493,0.9011064210834685,0
-1.072128684460849,0.35783432991483494,0
1.2684765567255583,0.2826256141744121,0
1.8998091479595827,0.3909446196378464,1
-0.11415628180481754,1.0372569435063166,0
-0.31432459942741936,0.8502173053337687,0
1.9127404404452248,0.2510659045251155,1
1.5953600783347084,-0.5366796597852007,1
-0.2885262279072092,0.8018556397275897,0
-0.9859989486780343,-0.053917372156717686,0
0.0017896763303618252,0.18383838445395176,1
0.24666903415903974,-0.07461643341496951,1
-0.7269324323372274,0.5075488189899208,0
1.2757272168196725,0.0912598311431222,1
1.235974355771485,-0.12835674796953517,1
-0.02999960254952276,0.5262821729305346,1
1.1825130949213518,0.027159252817370597,0
2.0437974667714105,-0.46400396964968305,1
0.8754025117165506,-0.14070907303109284,0
-0.747914095849093,0.7052591051282706,0
0.9412977439822867,0.6282782329690622,0
0.627803932915344,0.30247803486308916,0
1.9723599927241382,0.23048677539714052,1
-0.01808724050842378,0.8958647454210115,0
1.4831220641046536,-0.3374542915612599,1
1.7278349148991856,-0.3438644243266712,1
0.8016645608004338,-0.4316546867923795,1
0.5236752091984949,-0.3784156904837509,1
1.616387394789789,-0.3905965632009169,1
2.1044581041284194,0.4144710015581573,1
0.10560392130815,0.10936117969694487,1
1.3071040331595298,-0.498962479265329,1
-0.7683936811114648,0.2991354067057375,0
0.26754775245043494,0.8059112586390109,0
1.4936965587094533,-0.43976613771250617,1
0.4244398407302112,1.003726062021392,0
1.6856867149220391,-0.37546224164957254,1
-0.9255852752272633,0.7011913226799208,0
0.5579632730540395,0.7055557553273426,0
1.7883353110962152,0.19265891710448763,1
0.13991488477832548,0.17336435467262717,1
0.1493710400158607,0.6640072199106453,0
1.9458242973538642,0.2308010775972103,1
0.19743773146020216,0.9590540641368195,0
2.1118834271650493,0.1572160766968121,1
2.0001676665066226,0.1386871550715909,1
0.7835241017318357,0.66840120544703,0
0.0037456609667469373,0.34029348282515187,1
1.988965336704073,0.044434976720193725,1
0.06512712806849102,-0.2084052984637712,1
-0.919821373046781,0.1828093333860423,0
0.8827323219973575,-0.4166048290746812,1
0.1308247979708364,1.0997463032684043,0
0.9678967087177003,-0.6912498009387839,1
0.08209624218148928,0.9329146960770272,0
-0.6086230653676501,0.8701630992140477,0
-0.7913365153698031,0.5090124320857033,0
0.8918843824938265,0.7657329698634118,0
1.8219186889131065,-0.5970202089830245,1
0.25435563237888364,0.8267411336996479,0
0.9005640410441187,-0.48789228811786667,1
-0.6103886951981451,0.7267738954459716,0
1.6293156682859746,-0.11591543042567584,1
-0.04023759252423445,-0.12366827502200953,1
0.6663517126740244,-0.5729755224873451,1
0.8613272584776687,-1.005861051164659,1
0.7069225431232539,0.20158810025878587,0
-0.31507918942212726,0.8644537892012736,0
0.5167166341681037,-0.23372875083782252,1
-0.6719390276618076,0.4521599153035937,0
-0.16917264641874563,0.9018246284595909,0
-1.1650158271676112,0.2334752144255744,0
2.0735223382017,0.2567981866338353,1
2.2284955984741712,0.07097374592254369,1
1.8247610923228677,-0.24949550200535353,1
-0.8897602148719714,0.48183812741980614,0
1.4950225952554907,-0.26476120859121693,1
1.7977320211010832,-0.1780491301440667,1
-0.7906112096547402,-0.07866983825649786,0
1.697092012548226,-0.23387884198062128,1
1.4765223872065685,-0.4946159195487071,1
1.6162694369590975,-0.4237301232521442,1
-0.334078102409957,1.0507968258506515,0
1.9004350999788076,-0.30874758532326657,1
1.618036557282667,-0.1874276719164892,1
1.986359297951599,0.05209389133946167,1
-0.017798923094326694,0.20498947451630378,1
0.4593866637043116,-0.348474142614122,1
-0.7785503672089427,0.7821499002437864,0
1.079971401434871,-0.46088289465534826,1
-0.5332940190809313,0.772872485901258,0
-0.2426609304441413,0.7306624997674744,0
0.05091744062699119,0.9487421545451211,0
0.5809643883821201,0.8094359648053588,0
0.12247000784073109,-0.4535372332348354,1
0.01986369417137422,1.09484577451957,0
0.7896620454330823,0.33495500635873776,0
-0.038013903086745765,1.1879465159796045,0
1.9249182918936527,-0.013158850785054356,1
-0.1308043950038621,0.2179814471323431,1
0.9767730130873565,0.42555327284631705,0
0.42435224694540385,-0.060431824560789736,1
